evidence_id,evidence_title,evidence_source,evidence_date,existing_count,existing_promise_ids,existing_promise_texts,semantic_count,semantic_promise_ids,semantic_promise_texts,semantic_scores,overlap_count,new_semantic_count,lost_existing_count
20211013_44_Gazette2_bd7ed6d0b3,"Regulations amending the Farm Products Agencies Act come into force, impacting Canadian chicken marketing quotas for production and marketing.",Regulation (Canada Gazette P2),2021-10-13 14:00:00+00:00,3,LPC_20211216_MANDL_a37c444e | LPC_20211216_MANDL_781902bc | LPC_20211216_MANDL_4e04c609,Develop a sector-specific Agricultural Labour Strategy to address labour shortages. | Develop the next agricultural policy framework. | Explore next steps to modernize the Canada Grain Act.,0,,,,0,0,3
20211110_44_Gazette2_03b68d9d80,"Regulations amending the Canada Recovery Benefits Act come into force, modifying provisions related to federal recovery benefits.",Regulation (Canada Gazette P2),2021-11-10 14:00:00+00:00,8,LPC_20211216_MANDL_02ba985f | LPC_20211216_MANDL_02f46616 | LPC_20211216_MANDL_061a8aa4 | LPC_20211216_MANDL_050b6487 | LPC_20211216_MANDL_046dfbba | LPC_20211216_MANDL_4d567095 | LPC_20211216_MANDL_0b97a297 | LPC_20211216_MANDL_2326b165,Introduce a Canada Disability Benefit Act. | Implement a new EI benefit for self-employed Canadians. | Work with Indigenous partners to support before and after school care for First Nations children on ... | Allow new parents to pause repayment of their federal student loans until their youngest child reach... | Convene provinces and territories to develop a national action plan to legislate sick leave across t... | Ensure seniors’ eligibility for the Guaranteed Income Supplement is not negatively impacted by recei... | Implement a new 15-week benefit for adoptive parents. | Implement a Canada Disability Benefit for low-income working age persons with disabilities.,6,LPC_20211216_MANDL_c50c621d | LPC_20211216_MANDL_4d567095 | LPC_20211216_MANDL_8d617eca | LPC_20211216_MANDL_d86b05e8 | LPC_20211216_MANDL_d4d39c16 | LPC_20211216_MANDL_cb12ae04,"Ensure the effective delivery and integrity of other relief and recovery measures delivered by the C... | Ensure seniors’ eligibility for the Guaranteed Income Supplement is not negatively impacted by recei... | Support Canadians and Canadian businesses by efficiently implementing, processing, and issuing COVID... | Introduce legislation to raise the corporate income tax payable by banks and insurance companies tha... | Implement the enhanced Canada Workers Benefit and ensure Canadians who qualify are automatically enr... | Support business recovery and workers, including by implementing legislation that extends the Canada...",0.677 | 0.599 | 0.573 | 0.567 | 0.559 | 0.550,1,5,7
20211110_44_Gazette2_2719d4bd5e,Order designates Minister of Housing and Diversity and Inclusion as the Minister for National Housing Act purposes.,Regulation (Canada Gazette P2),2021-11-10 14:00:00+00:00,3,LPC_20211216_MANDL_4be4ced2 | LPC_20211216_MANDL_a8e0ad7c | LPC_20211216_MANDL_e744ac1e,"Appoint a new Federal Housing Advocate to monitor progress in meeting the goals of the National Hous... | Invest in Reaching Home: Canada’s Homelessness Strategy, to support communities across the country. | Accelerate work to end chronic homelessness among Veterans through the Rapid Housing Initiative and ...",1,LPC_20211216_MANDL_4be4ced2,Appoint a new Federal Housing Advocate to monitor progress in meeting the goals of the National Hous...,0.552,1,0,2
20211110_44_Gazette2_2e37d3d58d,Minister of Housing and Diversity and Inclusion designated as the Minister for the National Housing Strategy Act.,Regulation (Canada Gazette P2),2021-11-10 14:00:00+00:00,3,LPC_20211216_MANDL_4be4ced2 | LPC_20211216_MANDL_3903d4f5 | LPC_20211216_MANDL_b1f13bf4,Appoint a new Federal Housing Advocate to monitor progress in meeting the goals of the National Hous... | Review insurance policies to assess whether such policies are supportive of the aspiration that ever... | Ensure that the priorities of municipalities are reflected in the federal agenda and maintain open l...,1,LPC_20211216_MANDL_4be4ced2,Appoint a new Federal Housing Advocate to monitor progress in meeting the goals of the National Hous...,0.609,1,0,2
20211110_44_Gazette2_a20531cb60,Order designates the Minister of Housing and Diversity and Inclusion as the responsible minister for the Canada Mortgage and Housing Corporation Act.,Regulation (Canada Gazette P2),2021-11-10 14:00:00+00:00,3,LPC_20211216_MANDL_7dcbfb83 | LPC_20211216_MANDL_30473f5e | LPC_20211216_MANDL_60d42252,"Review down payment requirements for investment properties. | Require federally regulated financial institutions to offer flexible repayment options to individual... | Develop a loan program as an option to the current shared-equity mortgage, repayable only at the tim...",0,,,,0,0,3
20211110_44_Gazette2_eb570e97ae,Order designates the Minister of Housing and Diversity and Inclusion as the Minister for the Canadian Multiculturalism Act.,Regulation (Canada Gazette P2),2021-11-10 14:00:00+00:00,3,LPC_20211216_MANDL_72763aef | LPC_20211216_MANDL_ca934977 | LPC_20211216_MANDL_3903d4f5,"Introduce legislation to protect animals in captivity. | Accelerate critical repairs and develop projects for vulnerable groups including women, youth and pe... | Review insurance policies to assess whether such policies are supportive of the aspiration that ever...",0,,,,0,0,3
20211122_44_News_e43022d631,Acting Chief Plant Health Officer announced measures to prevent potato wart spread from Prince Edward Island.,News Release (Canada.ca),2021-11-22 20:05:57+00:00,3,LPC_20211216_MANDL_5880f587 | LPC_20211216_MANDL_27264693 | LPC_20211216_MANDL_e6e50492,"Prevent the introduction of African swine fever within Canadian borders and continue to work on prev... | Work with federally regulated workplaces to ensure that COVID-19 vaccination is enforced. | Identify, and prioritize the clean-up of, contaminated sites in areas where Indigenous Peoples, raci...",0,,,,0,0,3
20211123_44_News_31897c631e,"Minister Joly issues statement condemning Maduro regime for fixing 2018 Venezuelan elections, subverting constitutional order, and intensifying human rights abuses.",News Release (Canada.ca),2021-11-23 21:42:07+00:00,3,LPC_20211216_MANDL_083de3b4 | LPC_20211216_MANDL_2036b5ab | LPC_20211216_MANDL_d0acfba6,"Strengthen and secure supply chains, including through the Roadmap for a Renewed U.S.-Canada Partner... | Advance foreign investment attraction measures that position Canada as a top destination for global ... | Position Canada as a global leader in the digital domain with the support of the digital policy task...",0,,,,0,0,3
20211123_44_News_60f15d4d6d,"CFIA confirmed potato wart in Prince Edward Island, initiating an investigation and implementing strict regulatory measures to prevent its potential spread.",News Release (Canada.ca),2021-11-23 16:38:23+00:00,1,LPC_20211216_MANDL_5880f587,Prevent the introduction of African swine fever within Canadian borders and continue to work on prev...,0,,,,0,0,1
20211123_44_News_b38bb3169c,"CFIA implements controls to prevent the domestic and international spread of potato wart, a quarantine pest found in PEI.",News Release (Canada.ca),2021-11-23 20:01:44+00:00,2,LPC_20211216_MANDL_5880f587 | LPC_20211216_MANDL_1f38cede,Prevent the introduction of African swine fever within Canadian borders and continue to work on prev... | Ban the live export of horses for slaughter.,0,,,,0,0,2
20211124_44_Gazette2_3dc5cec2d1,A proclamation establishes electoral boundaries commissions to readjust federal electoral districts across Canada.,Regulation (Canada Gazette P2),2021-11-24 14:00:00+00:00,1,LPC_20211216_MANDL_036db03d,"Ensure that the essential work of Parliament continues in an effective and efficient manner, while r...",0,,,,0,0,1
20211124_44_Gazette2_c2cd3294bb,"Regulations amend the Special Economic Measures (Nicaragua) Regulations, enacting further sanctions against Nicaraguan officials due to human rights abuses.",Regulation (Canada Gazette P2),2021-11-24 14:00:00+00:00,4,LPC_20211216_MANDL_002f9cde | LPC_20211216_MANDL_5790d696 | LPC_20211216_MANDL_9c640928 | LPC_20211216_MANDL_2bbc9f3b,"Strengthen Canada's partnerhips with the United States. | Work with partners to develop and expand collective responses to arbitrary detention, economic coerc... | Provide greater assistance to people with disabilities in developing countries through advocacy in m... | Engage the United States to address bilateral trade issues and protectionist measures.",0,,,,0,0,4
20211124_44_Gazette2_e668b42ae4,Regulations amend the Railway Safety Act to enable administrative monetary penalties for non-compliance with vaccination mandates in the rail sector.,Regulation (Canada Gazette P2),2021-11-24 14:00:00+00:00,3,LPC_20211216_MANDL_5df2b2d1 | LPC_20211216_MANDL_9a81f679 | LPC_20211216_MANDL_232b7e4e,"Require that travellers on interprovincial trains, commercial flights, cruise ships and other federa... | Pursue reforms to the International Civil Aviation Organization’s accident investigation regime. | Work toward the rapid completion of the Lac-Mégantic bypass.",5,LPC_20211216_MANDL_65dfd182 | LPC_20211216_MANDL_41ff0747 | LPC_20211216_MANDL_27264693 | LPC_20211216_MANDL_ec3f2f6c | LPC_20211216_MANDL_5df2b2d1,"Ensure vaccination across the Public Service. | Ensure that COVID-19 vaccination is prioritized for workers in federally regulated transportation se... | Work with federally regulated workplaces to ensure that COVID-19 vaccination is enforced. | Ensure vaccination is enforced for workers at Crown corporations and separate agencies. | Require that travellers on interprovincial trains, commercial flights, cruise ships and other federa...",0.588 | 0.574 | 0.566 | 0.558 | 0.553,1,4,2
20211124_44_News_01b42582c6,Government details eligible businesses for the Tourism and Hospitality Recovery Program.,News Release (Canada.ca),2021-11-24 20:32:20+00:00,3,LPC_20211216_MANDL_cb12ae04 | LPC_20211216_MANDL_bd173875 | LPC_20211216_MANDL_8d172141,"Support business recovery and workers, including by implementing legislation that extends the Canada... | Advance recovery measures to support the hard-hit tourism industry, such as the Tourism Relief Fund,... | Analyze and, as appropriate, adjust eligibility criteria to ensure that business support programs ar...",2,LPC_20211216_MANDL_cb12ae04 | LPC_20211216_MANDL_bd173875,"Support business recovery and workers, including by implementing legislation that extends the Canada... | Advance recovery measures to support the hard-hit tourism industry, such as the Tourism Relief Fund,...",0.663 | 0.656,2,0,1
20211124_44_News_30a4494f74,Canada announced $325 million in funding for 11 projects supporting sexual and reproductive health and rights.,News Release (Canada.ca),2021-11-24 14:08:01+00:00,3,LPC_20211216_MANDL_8d84284b | LPC_20211216_MANDL_2b120a9b | LPC_20211216_MANDL_1add68c2,"Establish a permanent, ongoing Canada Mental Health Transfer to help expand the delivery of high-qua... | Expand health services available to women in the CAF, ensuring comprehensive access to sexual and re... | Sustain improved access to virtual mental health services with Wellness Together Canada.",11,LPC_20211216_MANDL_3aa1dd37 | LPC_20211216_MANDL_af7cc240 | LPC_20211216_MANDL_f4fb866a | LPC_20211216_MANDL_70f87cd6 | LPC_20211216_MANDL_ec39099c | LPC_20211216_MANDL_53f8d341 | LPC_20211216_MANDL_df5c2c2f | LPC_20211216_MANDL_83d502e8 | LPC_20211216_MANDL_183d7ec3 | LPC_20211216_MANDL_acaf31e4,"Support youth-led and youth-focused organizations that respond to the unique sexual and reproductive... | Sustain funding commitments to Canadian women’s organizations and equality-seeking groups. | Close persistent gaps in sexual and reproductive health and rights services, including in relation t... | Increase Canada’s international development assistance every year towards 2030. | Establish a sexual and reproductive health information and rights portal. | Increase the annual investment in the Canada Fund for Local Initiatives to enable staff at Canada’s ... | Introduce a new fund for student mental health to support the hiring of new mental health care couns... | Conclude negotiations and implement agreements for a Canada-wide Early Learning and Child Care syste... | Support the establishment of mechanisms to help families cover the cost of in vitro fertilization. | Advance implementation of the Community Services Recovery Fund.",0.608 | 0.590 | 0.581 | 0.581 | 0.580 | 0.579 | 0.564 | 0.563 | 0.556 | 0.555,0,11,3
20211124_44_News_4370c7204e,"Government operates the New Horizons for Seniors Program, a federal grants and contributions initiative.",News Release (Canada.ca),2021-11-24 14:00:16+00:00,3,LPC_20211216_MANDL_cd0c33c2 | LPC_20211216_MANDL_652b62a4 | LPC_20211216_MANDL_808bcee2,"Advance seniors programming, including the New Horizons for Seniors Program. | Support women leaders and feminist groups' efforts to promote peace and protect the rights of women ... | Support community-led public green space projects by municipalities, Indigenous communities and non-...",1,LPC_20211216_MANDL_cd0c33c2,"Advance seniors programming, including the New Horizons for Seniors Program.",0.790,1,0,2
20211124_44_News_84bd5ba53c,"Minister Ng issues statement regarding U.S. final duty rates on Canadian softwood lumber, emphasizing the industry's economic importance.",News Release (Canada.ca),2021-11-24 22:17:35+00:00,4,LPC_20211216_MANDL_002f9cde | LPC_20211216_MANDL_2bbc9f3b | LPC_20211216_MANDL_083de3b4 | LPC_20211216_MANDL_e5f50216,"Strengthen Canada's partnerhips with the United States. | Engage the United States to address bilateral trade issues and protectionist measures. | Strengthen and secure supply chains, including through the Roadmap for a Renewed U.S.-Canada Partner... | Strengthen Canada’s engagement and presence in the United Nations (UN) system.",0,,,,0,0,4
20211124_44_News_d970dad714,"Canada, Sweden, Ukraine, and UK expressed disappointment over Iran's refusal to negotiate reparations for Flight PS752 victims.",News Release (Canada.ca),2021-11-24 19:12:17+00:00,3,LPC_20211216_MANDL_89db7990 | LPC_20211216_MANDL_138b9407 | LPC_20211216_MANDL_6155ce99,Advance Canada's ongoing response to the tragic downing of flight PS752. | Work with international partners to hold Iran accountable and to provide support to the families and... | Support and implement the Justice for Victims of Corrupt Foreign Officials Act and promote the adopt...,3,LPC_20211216_MANDL_138b9407 | LPC_20211216_MANDL_89db7990 | LPC_20211216_MANDL_de246644,Work with international partners to hold Iran accountable and to provide support to the families and... | Advance Canada's ongoing response to the tragic downing of flight PS752. | Advance the Safer Skies Initiative.,0.797 | 0.782 | 0.565,2,1,1
20211124_44_News_ddf09ccc23,The College of Immigration and Citizenship Consultants officially opened to regulate immigration and citizenship consultants.,News Release (Canada.ca),2021-11-24 14:40:04+00:00,3,LPC_20211216_MANDL_74b4d656 | LPC_20211216_MANDL_59c55e03 | LPC_20211216_MANDL_a8c85179,Continue working with Quebec to support the French-language knowledge of immigrants in Quebec. | Implement a program to issue temporary resident status to spouses and children abroad while they wai... | Introduce electronic applications for family reunification.,0,,,,0,0,3
20211125_44_News_35502b2cc2,"Canada achieved successful outcomes at the ICCAT meeting, enabling better regulation, conservation, and regeneration of Atlantic tuna, tuna-like, and shark species.",News Release (Canada.ca),2021-11-25 16:19:31+00:00,3,LPC_20211216_MANDL_922dea08 | LPC_20211216_MANDL_504e7581 | LPC_20211216_MANDL_f52b6941,Modernize the Oceans Act to explicitly consider climate change impacts on marine ecosystems and spec... | Make new investments and develop a conservation strategy to restore and rebuild wild Atlantic salmon... | Expand climate vulnerability work to better inform marine conservation planning and management.,3,LPC_20211216_MANDL_ee271c04 | LPC_20211216_MANDL_504e7581 | LPC_20211216_MANDL_29dbe82e,"Continue to implement the modernized Fisheries Act. | Make new investments and develop a conservation strategy to restore and rebuild wild Atlantic salmon... | Ensure Canada meets its goals to conserve 25 per cent of its oceans by 2025 and 30 per cent by 2030,...",0.578 | 0.573 | 0.551,1,2,2
20211125_44_News_696d83d273,Minister Qualtrough issued a statement on Canada Emergency Response Benefit (CERB) advance payments.,News Release (Canada.ca),2021-11-25 21:12:18+00:00,3,LPC_20211216_MANDL_02ba985f | LPC_20211216_MANDL_2326b165 | LPC_20211216_MANDL_942f6dbf,Introduce a Canada Disability Benefit Act. | Implement a Canada Disability Benefit for low-income working age persons with disabilities. | Launch an employment strategy for Canadians with disabilities.,3,LPC_20211216_MANDL_8d617eca | LPC_20211216_MANDL_4d567095 | LPC_20211216_MANDL_d4d39c16,"Support Canadians and Canadian businesses by efficiently implementing, processing, and issuing COVID... | Ensure seniors’ eligibility for the Guaranteed Income Supplement is not negatively impacted by recei... | Implement the enhanced Canada Workers Benefit and ensure Canadians who qualify are automatically enr...",0.744 | 0.684 | 0.589,0,3,3
20211125_44_News_c690038ddc,Government details advance payment for Canada Emergency Response Benefit.,News Release (Canada.ca),2021-11-25 20:10:55+00:00,3,LPC_20211216_MANDL_02f46616 | LPC_20211216_MANDL_74f59885 | LPC_20211216_MANDL_942f6dbf,Implement a new EI benefit for self-employed Canadians. | Implement a new EI Career Insurance Benefit for long-tenured workers who have lost their job. | Launch an employment strategy for Canadians with disabilities.,3,LPC_20211216_MANDL_8d617eca | LPC_20211216_MANDL_4d567095 | LPC_20211216_MANDL_d4d39c16,"Support Canadians and Canadian businesses by efficiently implementing, processing, and issuing COVID... | Ensure seniors’ eligibility for the Guaranteed Income Supplement is not negatively impacted by recei... | Implement the enhanced Canada Workers Benefit and ensure Canadians who qualify are automatically enr...",0.777 | 0.715 | 0.591,0,3,3
20211125_44_News_effe1890ec,"Government announces $54.9 million for 58 community-based climate action, awareness, and engagement projects through the Climate Action and Awareness Fund.",News Release (Canada.ca),2021-11-25 14:54:02+00:00,3,LPC_20211216_MANDL_808bcee2 | LPC_20211216_MANDL_d2b17b9d | LPC_20211216_MANDL_79e94d8e,"Support community-led public green space projects by municipalities, Indigenous communities and non-... | Upgrade the infrastructure of the Meteorological Service of Canada, including information technology... | Support community shoreline and oceans plastic cleanup efforts.",11,LPC_20211216_MANDL_11c819d1 | LPC_20211216_MANDL_ed0105f7 | LPC_20211216_MANDL_138e5eeb | LPC_20211216_MANDL_8c96c8dd | LPC_20211216_MANDL_e6be9ec4 | LPC_20211216_MANDL_8de0ac47 | LPC_20211216_MANDL_acaf31e4 | LPC_20211216_MANDL_808bcee2 | LPC_20211216_MANDL_55143cfa | LPC_20211216_MANDL_00b95752,"Implement the Natural Climate Solutions Fund. | Develop a whole-of-government planning and preparedness strategy to ensure the Government of Canada ... | Engage with Canadians to better communicate the impact of climate changes. | Support colleagues across government to ensure delivery of all policy and fiscal measures outlined i... | Seek opportunities to scale the construction of climate-resilient infrastructure across Canada, with... | Launch an annual program of green bond issuances with an initial issuance of $5 billion. | Advance implementation of the Community Services Recovery Fund. | Support community-led public green space projects by municipalities, Indigenous communities and non-... | Undertake a comprehensive review of the Disaster Financial Assistance Arrangements Program. | Develop a plan to phase out public financing of the fossil fuel sector.",0.634 | 0.584 | 0.584 | 0.582 | 0.575 | 0.571 | 0.565 | 0.559 | 0.557 | 0.553,1,10,2
20211125_44_OIC_c96480d19e,"General Wayne Eyre appointed Chief of the Defence Staff under the National Defence Act, with remuneration fixed.",OrderInCouncil (PCO),2021-11-25 00:00:00+00:00,3,LPC_20211216_MANDL_7ecbd696 | LPC_20211216_MANDL_f94854ae | LPC_20211216_MANDL_9b0094f8,"Externalize the Independent Centre for Harassment Resolution. | Ensure all members of the Defence Team, including Department of National Defence employees, Veterans... | Extend Canada’s support to Ukraine through Operation UNIFIER.",0,,,,0,0,3
20211125_44_OIC_f73e7c02e0,"Governor General in Council terminates Admiral Arthur McDonald's appointment as Chief of the Defence Staff under the National Defence Act, citing loss of confidence.",OrderInCouncil (PCO),2021-11-25 00:00:00+00:00,3,LPC_20211216_MANDL_80b29301 | LPC_20211216_MANDL_9b0094f8 | LPC_20211216_MANDL_7ecbd696,Modernize the military justice system with a focus on implementing recommendations from the Third In... | Extend Canada’s support to Ukraine through Operation UNIFIER. | Externalize the Independent Centre for Harassment Resolution.,0,,,,0,0,3
20211126_44_News_15fc7bbb6d,Government introduces amendments to Canada Labour Code providing ten days of paid sick leave.,News Release (Canada.ca),2021-11-26 17:41:27+00:00,3,LPC_20211216_MANDL_a123c646 | LPC_20211216_MANDL_046dfbba | LPC_20211216_MANDL_28000cbb,Amend the Canada Labour Code to provide 10 paid days of sick leave for all federally regulated worke... | Convene provinces and territories to develop a national action plan to legislate sick leave across t... | Amend the Canada Labour Code to strengthen provisions to better support working women who need to be...,5,LPC_20211216_MANDL_a123c646 | LPC_20211216_MANDL_046dfbba | LPC_20211216_MANDL_299f20d1 | LPC_20211216_MANDL_15a49a41 | LPC_20211216_MANDL_8576117d,Amend the Canada Labour Code to provide 10 paid days of sick leave for all federally regulated worke... | Convene provinces and territories to develop a national action plan to legislate sick leave across t... | Amend the Canada Labour Code to provide up to five new paid leave days for federally regulated emplo... | Develop a right-to-disconnect policy. | Amend the Canada Labour Code to include mental health as a specific element of occupational health a...,0.823 | 0.703 | 0.685 | 0.609 | 0.590,2,3,1
20211126_44_News_ad8bb901d6,Deputy Prime Minister and Minister of Finance introduces Bill C-2 to continue broad-based economic support for Canadian workers and businesses during the pandemic.,News Release (Canada.ca),2021-11-26 20:59:42+00:00,3,LPC_20211216_MANDL_cb12ae04 | LPC_20211216_MANDL_116b8e1c | LPC_20211216_MANDL_584bdb27,"Support business recovery and workers, including by implementing legislation that extends the Canada... | Introduce a tax credit for small businesses to invest in better ventilation. | Ensure the overall fiscal health of the government, including by working to implement the fiscal pla...",4,LPC_20211216_MANDL_8d617eca | LPC_20211216_MANDL_e980f611 | LPC_20211216_MANDL_159fdd5a | LPC_20211216_MANDL_37674758,"Support Canadians and Canadian businesses by efficiently implementing, processing, and issuing COVID... | Ensure implementation of investments in mental health interventions and supports for people dispropo... | Modernize how services and benefits are delivered to Canadians in times of crisis to bolster nationa... | Contribute to Canada’s response to COVID-19, including by responding to Requests for Federal Assista...",0.591 | 0.569 | 0.565 | 0.561,0,4,3
20211126_44_OIC_bbbc071bd4,Enacted Regulations Amending the Grade Crossings Regulations under the Railway Safety Act.,OrderInCouncil (PCO),2021-11-26 00:00:00+00:00,3,LPC_20211216_MANDL_9a81f679 | LPC_20211216_MANDL_232b7e4e | LPC_20211216_MANDL_de246644,Pursue reforms to the International Civil Aviation Organization’s accident investigation regime. | Work toward the rapid completion of the Lac-Mégantic bypass. | Advance the Safer Skies Initiative.,0,,,,0,0,3
20211127_44_OIC_79c881720c,Governor General in Council approves interim President appointment for the Impact Assessment Agency of Canada.,OrderInCouncil (PCO),2021-11-27 00:00:00+00:00,3,LPC_20211216_MANDL_d2b17b9d | LPC_20211216_MANDL_78a56577 | LPC_20211216_MANDL_f88454f0,"Upgrade the infrastructure of the Meteorological Service of Canada, including information technology... | Establish a Canada Water Agency. | Invest in the Experimental Lakes Area in northern Ontario to support international freshwater scienc...",0,,,,0,0,3
20211129_44_OIC_1674cdaa80,Reappoints Irwin Cotler as Special Envoy on Preserving Holocaust Remembrance and Combatting Antisemitism for a one-year term.,OrderInCouncil (PCO),2021-11-29 00:00:00+00:00,3,LPC_20211216_MANDL_e678c5e4 | LPC_20211216_MANDL_be91b6cf | LPC_20211216_MANDL_b4963f2e,Support the Special Envoy on Preserving Holocaust Remembrance and Combatting Antisemitism in advanci... | Create a community stream to the Women Entrepreneurship Strategy’s Ecosystem Fund to support smaller... | Convene and coordinate the Ministers responsible for the Regional Development Agencies to promote a ...,1,LPC_20211216_MANDL_e678c5e4,Support the Special Envoy on Preserving Holocaust Remembrance and Combatting Antisemitism in advanci...,0.634,1,0,2
20211201_44_News_2ebf63688f,"Ministers mark World AIDS Day and Indigenous AIDS Awareness Week, commemorating lost loved ones and supporting people living with HIV, while aiming to end stigma and discrimination.",News Release (Canada.ca),2021-12-01 14:28:58+00:00,3,LPC_20211216_MANDL_b2771ea0 | LPC_20211216_MANDL_b660896d | LPC_20211216_MANDL_9b838f8d,"Develop a Federal Framework to Reduce Recidivism in consultation with provinces, territories, Indige... | Provide funding for First Nations to improve indoor air quality in on-reserve schools. | Address systemic discrimination and the overrepresentation of Indigenous Peoples in the criminal jus...",0,,,,0,0,3
20211201_44_OIC_08d3a0e3c0,"Amends Special Economic Measures (Belarus) Regulations due to gross, systematic human rights violations in Belarus.",OrderInCouncil (PCO),2021-12-01 00:00:00+00:00,3,LPC_20211216_MANDL_5790d696 | LPC_20211216_MANDL_82957f65 | LPC_20211216_MANDL_9c640928,"Work with partners to develop and expand collective responses to arbitrary detention, economic coerc... | Work closely with democratic partners to promote open, transparent and inclusive governance. | Provide greater assistance to people with disabilities in developing countries through advocacy in m...",0,,,,0,0,3
20211201_44_OIC_223c8a876f,"Appoints Timothy John Murphy as Chairperson of the Windsor-Detroit Bridge Authority for a five-year term, effective December 1, 2021.",OrderInCouncil (PCO),2021-12-01 00:00:00+00:00,3,LPC_20211216_MANDL_ab5c5881 | LPC_20211216_MANDL_561c57dd | LPC_20211216_MANDL_b1f13bf4,Complete the Gordie Howe International Bridge. | Complete negotiations to repatriate and rehabilitate the Quebec Bridge. | Ensure that the priorities of municipalities are reflected in the federal agenda and maintain open l...,1,LPC_20211216_MANDL_ab5c5881,Complete the Gordie Howe International Bridge.,0.629,1,0,2
20211202_44_News_1297d12138,Government imposes coordinated sanctions on individuals and entities in Belarus due to human rights violations and repression.,News Release (Canada.ca),2021-12-02 15:22:20+00:00,3,LPC_20211216_MANDL_6155ce99 | LPC_20211216_MANDL_37d47ca0 | LPC_20211216_MANDL_5790d696,"Support and implement the Justice for Victims of Corrupt Foreign Officials Act and promote the adopt... | Expand the coalition of states supporting Canada's initiative to condemn and eradicate arbitrary det... | Work with partners to develop and expand collective responses to arbitrary detention, economic coerc...",2,LPC_20211216_MANDL_5790d696 | LPC_20211216_MANDL_6155ce99,"Work with partners to develop and expand collective responses to arbitrary detention, economic coerc... | Support and implement the Justice for Victims of Corrupt Foreign Officials Act and promote the adopt...",0.626 | 0.552,2,0,1
20211202_44_News_85ae97c996,Indigenous Services Canada welcomed the Parliamentary Budget Officer's report on funding for safe drinking water in First Nations communities.,News Release (Canada.ca),2021-12-02 14:10:17+00:00,3,LPC_20211216_MANDL_11159c7e | LPC_20211216_MANDL_241534b4 | LPC_20211216_MANDL_358b8a17,Fully implement Joyce’s Principle and ensure it guides work to co-develop distinctions-based Indigen... | Eliminate all remaining long-term drinking water advisories on reserve and make sure that long-term ... | Work with First Nations and provincial and territorial government partners to strengthen the governa...,4,LPC_20211216_MANDL_241534b4 | LPC_20211216_MANDL_78a56577 | LPC_20211216_MANDL_7c1cda89 | LPC_20211216_MANDL_71b19cac,"Eliminate all remaining long-term drinking water advisories on reserve and make sure that long-term ... | Establish a Canada Water Agency. | Advance the modernization of the Canada Water Act to reflect Canada’s freshwater reality, including ... | Work to establish Indigenous-led institutions to build housing and infrastructure.",0.679 | 0.659 | 0.593 | 0.558,1,3,2
20211203_44_OIC_207f55e5a8,Authorizes signing or execution of an agreement for mutual logistic support between Canadian and French Armed Forces.,OrderInCouncil (PCO),2021-12-03 00:00:00+00:00,3,LPC_20211216_MANDL_5bb1e209 | LPC_20211216_MANDL_f85ea567 | LPC_20211216_MANDL_e782269b,"Develop and launch a comprehensive Indo-Pacific strategy to deepen diplomatic, economic and defence ... | Ensure the ongoing delivery of defence procurements in support of Canada’s Defence Policy, Strong, S... | Expand the services and resources available to survivors of sexual misconduct through the Sexual Mis...",1,LPC_20211216_MANDL_6abac503,"Expand Canada’s engagement with allies, partners and international organizations in order to promote...",0.586,0,1,3
20211203_44_OIC_88a468b1cd,Authorizes specific ministers to sign an agreement with France regarding the deployment of in-flight security officers.,OrderInCouncil (PCO),2021-12-03 00:00:00+00:00,3,LPC_20211216_MANDL_955847ce | LPC_20211216_MANDL_652b62a4 | LPC_20211216_MANDL_82957f65,"With support from the Ambassador for Women, Peace and Security, continue to advance Canada’s Nationa... | Support women leaders and feminist groups' efforts to promote peace and protect the rights of women ... | Work closely with democratic partners to promote open, transparent and inclusive governance.",1,LPC_20211216_MANDL_6abac503,"Expand Canada’s engagement with allies, partners and international organizations in order to promote...",0.598,0,1,3
20211206_44_News_16e05fdf7e,Canada and allies release joint statement expressing profound concern over Ethiopia's ethnic-based detentions.,News Release (Canada.ca),2021-12-06 14:00:55+00:00,3,LPC_20211216_MANDL_5393fdd9 | LPC_20211216_MANDL_37d47ca0 | LPC_20211216_MANDL_be91b6cf,Advance an action plan to coordinate collective international responses to specific incidents of arb... | Expand the coalition of states supporting Canada's initiative to condemn and eradicate arbitrary det... | Create a community stream to the Women Entrepreneurship Strategy’s Ecosystem Fund to support smaller...,2,LPC_20211216_MANDL_37d47ca0 | LPC_20211216_MANDL_5393fdd9,Expand the coalition of states supporting Canada's initiative to condemn and eradicate arbitrary det... | Advance an action plan to coordinate collective international responses to specific incidents of arb...,0.674 | 0.655,2,0,1
20211206_44_News_7a69e6421a,"Minister Rodriguez plans to invite arts, culture, and heritage sectors to a national summit on their recovery in early 2022.",News Release (Canada.ca),2021-12-06 16:28:51+00:00,3,LPC_20211216_MANDL_397425bc | LPC_20211216_MANDL_34dbc2a9 | LPC_20211216_MANDL_f5ca7f5e,"Hold a national summit on plans to restart and position the arts, culture and heritage sectors for t... | Develop a new Changing Narratives Fund to provide diverse communities with the tools to tell their o... | Launch an Arts and Culture Recovery Program to mitigate the impacts of reduced capacity in cultural ...",4,LPC_20211216_MANDL_397425bc | LPC_20211216_MANDL_f5ca7f5e | LPC_20211216_MANDL_1ca6467c | LPC_20211216_MANDL_8f59b7c6,"Hold a national summit on plans to restart and position the arts, culture and heritage sectors for t... | Launch an Arts and Culture Recovery Program to mitigate the impacts of reduced capacity in cultural ... | Launch a new cultural diplomacy strategy to leverage the work of Canadian artists and cultural indus... | Advance work to rehabilitate and reinvigorate places and buildings of national significance under th...",0.777 | 0.571 | 0.569 | 0.566,2,2,1
20211206_44_News_85171dd874,IRCC launches process for Indigenous peoples to reclaim Indigenous names on identity documents free of charge.,News Release (Canada.ca),2021-12-06 15:23:04+00:00,3,LPC_20211216_MANDL_59c55e03 | LPC_20211216_MANDL_4064e3b2 | LPC_20211216_MANDL_79a41b3f,Implement a program to issue temporary resident status to spouses and children abroad while they wai... | Reduce application processing times. | Make the citizenship application process free for permanent residents who have fulfilled the require...,0,,,,0,0,3
20211206_44_News_ba1d47de85,"International IDEA Member States issue a joint statement affirming democracy's role in sustainable development, human rights, peace, and security.",News Release (Canada.ca),2021-12-06 20:36:47+00:00,3,LPC_20211216_MANDL_70f87cd6 | LPC_20211216_MANDL_652b62a4 | LPC_20211216_MANDL_58c77eba,Increase Canada’s international development assistance every year towards 2030. | Support women leaders and feminist groups' efforts to promote peace and protect the rights of women ... | Develop a sustainable battery innovation and industrial ecosystem in Canada.,0,,,,0,0,3
20211206_44_News_cd3036b256,Canada expresses deep concern over reports of summary killings and enforced disappearances of former Afghan security forces members in Afghanistan.,News Release (Canada.ca),2021-12-06 23:50:49+00:00,3,LPC_20211216_MANDL_e5f50216 | LPC_20211216_MANDL_e3a30154 | LPC_20211216_MANDL_48b0f433,"Strengthen Canada’s engagement and presence in the United Nations (UN) system. | Ensure the CAF is a 21st century military with the capabilities, equipment and culture to implement ... | Expand Canada’s engagement with allies, partners and international organizations to promote peace an...",2,LPC_20211216_MANDL_2f5d8210 | LPC_20211216_MANDL_a2d9e78f,"Work with Canadian allies to protect democratic and human rights in Afghanistan, including for women... | Support Afghan citizens through humanitarian assistance.",0.681 | 0.593,0,2,3
20211207_44_News_77cc9cafbe,"Canada condemns convictions of Myanmar's democratically elected leaders Aung San Suu Kyi and Win Myint, citing disregard for human rights and judicial independence.",News Release (Canada.ca),2021-12-07 02:29:43+00:00,3,LPC_20211216_MANDL_542270bf | LPC_20211216_MANDL_a2d9e78f | LPC_20211216_MANDL_652b62a4,Enhance and expand Canada’s Responsible Business Conduct strategy. | Support Afghan citizens through humanitarian assistance. | Support women leaders and feminist groups' efforts to promote peace and protect the rights of women ...,0,,,,0,0,3
20211208_44_Gazette2_bc98dd4111,"Emergency Order issued under the Species at Risk Act to protect Western Chorus Frog critical habitat in Longueuil, Quebec, from urban development threats.",Regulation (Canada Gazette P2),2021-12-08 14:00:00+00:00,3,LPC_20211216_MANDL_d2b17b9d | LPC_20211216_MANDL_094accac | LPC_20211216_MANDL_e09df0f6,"Upgrade the infrastructure of the Meteorological Service of Canada, including information technology... | Work to halt and reverse nature loss by 2030 in Canada, and achieve a full recovery for nature by 20... | Develop a climate data strategy to ensure that the private sector and communities have access to dat...",0,,,,0,0,3
20211208_44_Gazette2_d18f2aad1f,"Order amends the Indian Act to allow Lhtako Dene Nation to adopt its own community-based election system for Chief and Council, revoking Indian Act election provisions.",Regulation (Canada Gazette P2),2021-12-08 14:00:00+00:00,3,LPC_20211216_MANDL_dda68c09 | LPC_20211216_MANDL_fc6c05ea | LPC_20211216_MANDL_d8eee059,Support First Nation-led processes to transition away from the Indian Act. | Work with the Métis Nation to fund the unique needs of Métis children. | Co-develop and invest in a distinctions based Mental Health and Wellness Strategy to meet the needs ...,0,,,,0,0,3
20211208_44_Gazette2_df2744179b,"Regulations amending the Grade Crossings Regulations under the Railway Safety Act come into force, updating safety standards for railway-road intersections.",Regulation (Canada Gazette P2),2021-12-08 14:00:00+00:00,3,LPC_20211216_MANDL_9a81f679 | LPC_20211216_MANDL_de246644 | LPC_20211216_MANDL_43a18710,"Pursue reforms to the International Civil Aviation Organization’s accident investigation regime. | Advance the Safer Skies Initiative. | Advance measures that further improve the safety and security of Canada’s rail system, particularly ...",0,,,,0,0,3
20211208_44_Gazette2_e6d22d79fc,"Regulations amending the Canadian Chicken Marketing Quota Regulations come into force, adjusting limits for chicken production and marketing under the Farm Products Agencies Act.",Regulation (Canada Gazette P2),2021-12-08 14:00:00+00:00,2,LPC_20211216_MANDL_781902bc | LPC_20211216_MANDL_d339dc25,Develop the next agricultural policy framework. | Develop a National School Food Policy and work toward a national school nutritious meal program.,0,,,,0,0,2
20211208_44_News_21e11d9749,"Legislation criminalizing conversion therapy receives Royal Assent, marking a significant step towards safeguarding individual rights and dignity.",News Release (Canada.ca),2021-12-08 22:36:59+00:00,3,LPC_20211216_MANDL_72763aef | LPC_20211216_MANDL_d8251bdf | LPC_20211216_MANDL_e928261b,Introduce legislation to protect animals in captivity. | Accelerate the review of the Employment Equity Act and ensure timely implementation of improvements. | Fully implement the United Nations Declaration on the Rights of Indigenous Peoples Act and work with...,1,LPC_20211216_MANDL_86fcf050,"Building on the passage of C-4, ensure that Canadian justice policy protects the dignity and equalit...",0.728,0,1,3
20211208_44_News_21fcd2a060,Ministers issue statement on National Day of Remembrance and Action on Violence Against Women.,News Release (Canada.ca),2021-12-08 14:13:41+00:00,3,LPC_20211216_MANDL_28d6fbdc | LPC_20211216_MANDL_fc6c05ea | LPC_20211216_MANDL_242ddbc7,Fully fund the Inuit Child First Initiative. | Work with the Métis Nation to fund the unique needs of Métis children. | Bolster Indigenous health system navigators to provide dedicated support for Indigenous people and t...,2,LPC_20211216_MANDL_4464b1d6 | LPC_20211216_MANDL_955847ce,"Ensure that modern Veterans, as well as women, Indigenous, racialized and LGBTQ2 Veterans from all c... | With support from the Ambassador for Women, Peace and Security, continue to advance Canada’s Nationa...",0.630 | 0.561,0,2,3
20211209_44_News_0226b7a816,Government of Canada responds to Auditor General's report on Temporary Foreign Worker Program.,News Release (Canada.ca),2021-12-09 20:18:37+00:00,3,LPC_20211216_MANDL_28cb59fe | LPC_20211216_MANDL_121fdc07 | LPC_20211216_MANDL_1cdb5f4f,Undertake a comprehensive review of access to federal disability programs. | Finalize and release Canada's Disability Inclusion Action Plan. | Support national disability organizations to build capacity and partner in efforts to eliminate syst...,3,LPC_20211216_MANDL_ede376c2 | LPC_20211216_MANDL_89e8b35f | LPC_20211216_MANDL_a18720f9,"Strengthen the inspections regime to ensure the health and safety of temporary foreign workers. | Implement sector-based work permits to ensure the health and safety of temporary foreign workers. | Simplify permit renewals for the Temporary Foreign Workers Program, uphold the two-week processing t...",0.681 | 0.604 | 0.594,0,3,3
20211209_44_News_bb37b26203,Minister Ng welcomes Auditor General's report on the Regional Relief and Recovery Fund.,News Release (Canada.ca),2021-12-09 20:06:49+00:00,3,LPC_20211216_MANDL_bd173875 | LPC_20211216_MANDL_ca180865 | LPC_20211216_MANDL_69028397,"Advance recovery measures to support the hard-hit tourism industry, such as the Tourism Relief Fund,... | Ensure the continued strength of the Agency, and continue to prioritize the delivery of support to s... | Modernize Canada’s payments technology to deliver faster and lower cost options to securely and conv...",0,,,,0,0,3
20211209_44_News_c5a5f97b22,Government of Canada issues statement in response to Auditor General's report on protecting Canada's food system.,News Release (Canada.ca),2021-12-09 20:16:13+00:00,3,LPC_20211216_MANDL_a37c444e | LPC_20211216_MANDL_1f38cede | LPC_20211216_MANDL_73d25c68,Develop a sector-specific Agricultural Labour Strategy to address labour shortages. | Ban the live export of horses for slaughter. | Support food producers who choose alternative pest management approaches that reduce the need for ch...,1,LPC_20211216_MANDL_781902bc,Develop the next agricultural policy framework.,0.600,0,1,3
20211209_44_News_ca7e11a741,Government signs agreement with Telesat for low Earth orbit capacity through the Universal Broadband Fund to expand high-speed internet access.,News Release (Canada.ca),2021-12-09 20:49:57+00:00,3,LPC_20211216_MANDL_2d8058c8 | LPC_20211216_MANDL_bd173875 | LPC_20211216_MANDL_4173d7ba,"Examine ways to finance projects and support communities, both rural and urban, across Canada as the... | Advance recovery measures to support the hard-hit tourism industry, such as the Tourism Relief Fund,... | Promote short- and long-term job creation and economic development in southern Ontario, through a pl...",2,LPC_20211216_MANDL_9ba4e41f | LPC_20211216_MANDL_d977abe9,"Accelerate the delivery of broadband service across Canada to ensure that all Canadians, no matter w... | Accelerate broadband delivery by requiring those that have purchased rights to build broadband to me...",0.747 | 0.676,0,2,3
20211209_44_OIC_0cf2a33f5d,"Approves Minister of Citizenship and Immigration to enter into Atlantic Immigration Program agreements with Nova Scotia, New Brunswick, Prince Edward Island, and Newfoundland and Labrador.",OrderInCouncil (PCO),2021-12-09 00:00:00+00:00,3,LPC_20211216_MANDL_b8403aa2 | LPC_20211216_MANDL_0e774dde | LPC_20211216_MANDL_ef1a68d9,Make the Atlantic Immigration Pilot a permanent program. | Explore ways of regularizing status for undocumented workers contributing to Canadian communities. | Move forward on the Municipal Nominee Program.,1,LPC_20211216_MANDL_b8403aa2,Make the Atlantic Immigration Pilot a permanent program.,0.611,1,0,2
20211209_44_OIC_3a9be038e5,Government amends Income Tax Regulations concerning COVID-19 Twenty-Second Qualifying Period.,OrderInCouncil (PCO),2021-12-09 00:00:00+00:00,3,LPC_20211216_MANDL_e3d6e74c | LPC_20211216_MANDL_28a978d5 | LPC_20211216_MANDL_82a26897,Review and consider reforms to the tax treatment of Real Estate Investment Trusts. | Introduce amendments to the Income Tax Act to expand the Medical Expense Tax Credit to include costs... | Introduce amendments to the Income Tax Act to make anti-abortion organizations that provide dishones...,0,,,,0,0,3
20211209_44_OIC_5fd8f10607,Regulations Amending the Immigration and Refugee Protection Regulations (Atlantic Immigration Class) are made.,OrderInCouncil (PCO),2021-12-09 00:00:00+00:00,3,LPC_20211216_MANDL_1f778617 | LPC_20211216_MANDL_4806d97a | LPC_20211216_MANDL_79a41b3f,"Facilitate the safe passage and resettlement of vulnerable people from Afghanistan, and increase the... | Work with employers and communities across Canada to welcome 2,000 skilled refugees to fill labour s... | Make the citizenship application process free for permanent residents who have fulfilled the require...",0,,,,0,0,3
20211209_44_OIC_beb42f1f9a,Her Excellency the Governor General in Council makes the Canada–Newfoundland and Labrador Offshore Area Occupational Health and Safety Regulations.,OrderInCouncil (PCO),2021-12-09 00:00:00+00:00,3,LPC_20211216_MANDL_360638e6 | LPC_20211216_MANDL_53bad043 | LPC_20211216_MANDL_0fdbe8e1,"Train 1,000 new community-based firefighters, invest in equipment and other measures to reduce risks... | Continue Canada’s leadership on the global effort to phase out coal-powered electricity and the mini... | Work with Indigenous partners and communities to support the transformation from diesel-fueled power...",0,,,,0,0,3
20211209_44_OIC_d1aa96ffa2,Governor General in Council makes Canada-Nova Scotia Offshore Area Occupational Health and Safety Regulations under the Canada-Nova Scotia Offshore Petroleum Resources Accord Implementation Act.,OrderInCouncil (PCO),2021-12-09 00:00:00+00:00,3,LPC_20211216_MANDL_360638e6 | LPC_20211216_MANDL_0fdbe8e1 | LPC_20211216_MANDL_43ea1273,"Train 1,000 new community-based firefighters, invest in equipment and other measures to reduce risks... | Work with Indigenous partners and communities to support the transformation from diesel-fueled power... | Increase testing of products for compliance with Canadian standards.",0,,,,0,0,3
20211209_44_OIC_e76bb7fa27,Governor in Council amends Special Economic Measures (Burma) Regulations.,OrderInCouncil (PCO),2021-12-09 00:00:00+00:00,3,LPC_20211216_MANDL_70f87cd6 | LPC_20211216_MANDL_e5f50216 | LPC_20211216_MANDL_82957f65,"Increase Canada’s international development assistance every year towards 2030. | Strengthen Canada’s engagement and presence in the United Nations (UN) system. | Work closely with democratic partners to promote open, transparent and inclusive governance.",0,,,,0,0,3
20211209_44_OIC_e9af022cbf,Approves Accessible Transportation Planning and Reporting Regulations made by the Canadian Transportation Agency under the Accessible Canada Act.,OrderInCouncil (PCO),2021-12-09 00:00:00+00:00,3,LPC_20211216_MANDL_2616a1e8 | LPC_20211216_MANDL_7a136300 | LPC_20211216_MANDL_43a18710,"Improve the affordability and accelerate the adoption of zero-emission vehicles, including used vehi... | Reduce and prevent supply chain bottlenecks in Canada’s transportation networks through the National... | Advance measures that further improve the safety and security of Canada’s rail system, particularly ...",2,LPC_20211216_MANDL_8e284479 | LPC_20211216_MANDL_121fdc07,Implement the Accessible Canada Act and harmonize accessibility standards across Canada. | Finalize and release Canada's Disability Inclusion Action Plan.,0.699 | 0.628,0,2,3
20211209_44_OIC_fa6f0da80e,New Accessible Canada Regulations made under the Accessible Canada Act.,OrderInCouncil (PCO),2021-12-09 00:00:00+00:00,3,LPC_20211216_MANDL_8e284479 | LPC_20211216_MANDL_f313e25c | LPC_20211216_MANDL_3d093791,"Implement the Accessible Canada Act and harmonize accessibility standards across Canada. | Represent the Government of Canada at the Federal, Provincial and Territorial Ministers Responsible ... | Ensure the voices and needs of children are represented in the Government's agenda.",6,LPC_20211216_MANDL_8e284479 | LPC_20211216_MANDL_121fdc07 | LPC_20211216_MANDL_1cdb5f4f | LPC_20211216_MANDL_942f6dbf | LPC_20211216_MANDL_2326b165 | LPC_20211216_MANDL_4eb200a7,"Implement the Accessible Canada Act and harmonize accessibility standards across Canada. | Finalize and release Canada's Disability Inclusion Action Plan. | Support national disability organizations to build capacity and partner in efforts to eliminate syst... | Launch an employment strategy for Canadians with disabilities. | Implement a Canada Disability Benefit for low-income working age persons with disabilities. | Hire 5,000 new public servants with disabilities by 2025.",0.790 | 0.633 | 0.596 | 0.573 | 0.570 | 0.568,1,5,2
20211210_44_News_0303f0ad2b,"Minister Fraser concluded a productive visit to Guatemala, representing Canada as Chair of the MIRPS Support Platform to discuss increased cooperation on regional migration challenges.",News Release (Canada.ca),2021-12-10 15:36:32+00:00,3,LPC_20211216_MANDL_23de576e | LPC_20211216_MANDL_a1b8c129 | LPC_20211216_MANDL_1f778617,"Work on irregular migration, including continued work with the United States to modernize the Safe T... | Continue to implement a national strategy to support Francophone immigration across the country. | Facilitate the safe passage and resettlement of vulnerable people from Afghanistan, and increase the...",0,,,,0,0,3
20211210_44_News_0853f5baaa,Ministers Joly and Sajjan issue a statement affirming Canada's commitment to human rights on Human Rights Day.,News Release (Canada.ca),2021-12-10 14:50:02+00:00,3,LPC_20211216_MANDL_b4963f2e | LPC_20211216_MANDL_652b62a4 | LPC_20211216_MANDL_5c31b8ed,Convene and coordinate the Ministers responsible for the Regional Development Agencies to promote a ... | Support women leaders and feminist groups' efforts to promote peace and protect the rights of women ... | Expand Canada’s efforts to advance gender equality and LGBTQ2 rights abroad.,2,LPC_20211216_MANDL_b7139cd5 | LPC_20211216_MANDL_8a772135,"Develop and implement Canada’s feminist foreign policy with the support of partner organizations. | Continue to be a global leader in championing the rights of women and girls in all their diversity, ...",0.580 | 0.554,0,2,3
20211213_44_News_2072eaf9d3,"Deputy Minister apologizes for sexual harassment, assault, and discrimination within DND, CAF, and Non Public Funds.",News Release (Canada.ca),2021-12-13 19:42:40+00:00,3,LPC_20211216_MANDL_7ecbd696 | LPC_20211216_MANDL_f94854ae | LPC_20211216_MANDL_2b120a9b,"Externalize the Independent Centre for Harassment Resolution. | Ensure all members of the Defence Team, including Department of National Defence employees, Veterans... | Expand health services available to women in the CAF, ensuring comprehensive access to sexual and re...",1,LPC_20211216_MANDL_f94854ae,"Ensure all members of the Defence Team, including Department of National Defence employees, Veterans...",0.591,1,0,2
20211213_44_News_21ccd03759,"Minister Miller announces new measures to disclose federal government documents related to Residential Schools, supporting Survivors' truth and reconciliation.",News Release (Canada.ca),2021-12-13 15:01:47+00:00,3,LPC_20211216_MANDL_2f5a8e9c | LPC_20211216_MANDL_6ac33d87 | LPC_20211216_MANDL_f34693e1,"Address the history and legacy of residential schools, including by providing the necessary supports... | Ensure the National Centre for Truth and Reconciliation has sustained financial resources to success... | Provide funding towards the construction of a permanent home for the National Centre for Truth and R...",6,LPC_20211216_MANDL_d2181095 | LPC_20211216_MANDL_6ac33d87 | LPC_20211216_MANDL_50bcd16b | LPC_20211216_MANDL_f34693e1 | LPC_20211216_MANDL_2f5a8e9c | LPC_20211216_MANDL_9eefe828,"Accelerate the implementation of the Truth and Reconciliation Commission’s Calls to Action. | Ensure the National Centre for Truth and Reconciliation has sustained financial resources to success... | Work on the planning, design and construction of a national monument in Ottawa to honour residential... | Provide funding towards the construction of a permanent home for the National Centre for Truth and R... | Address the history and legacy of residential schools, including by providing the necessary supports... | Work with partners to fully implement An Act respecting First Nations, Inuit, and Métis children, yo...",0.669 | 0.597 | 0.597 | 0.593 | 0.591 | 0.579,3,3,0
20211213_44_News_5859b08bfa,Ministers issue statement on ongoing negotiations for First Nations child and family services compensation and long-term reform.,News Release (Canada.ca),2021-12-13 21:19:44+00:00,3,LPC_20211216_MANDL_28d6fbdc | LPC_20211216_MANDL_69380c3d | LPC_20211216_MANDL_9eefe828,"Fully fund the Inuit Child First Initiative. | Work with First Nations partners to ensure fair and equitable compensation for those harmed by the F... | Work with partners to fully implement An Act respecting First Nations, Inuit, and Métis children, yo...",9,LPC_20211216_MANDL_a5ed2f58 | LPC_20211216_MANDL_28d6fbdc | LPC_20211216_MANDL_9eefe828 | LPC_20211216_MANDL_061a8aa4 | LPC_20211216_MANDL_69380c3d | LPC_20211216_MANDL_a5840e6a | LPC_20211216_MANDL_95e2e92b | LPC_20211216_MANDL_fc6c05ea | LPC_20211216_MANDL_4c72a321,"Work with First Nations partners to ensure the long-term reform of child and family services in Firs... | Fully fund the Inuit Child First Initiative. | Work with partners to fully implement An Act respecting First Nations, Inuit, and Métis children, yo... | Work with Indigenous partners to support before and after school care for First Nations children on ... | Work with First Nations partners to ensure fair and equitable compensation for those harmed by the F... | Accelerate work to redesign the Specific Claims process to provide just and timely resolution. | Work with First Nations, Inuit and Métis partners to support and establish new Indigenous Guardians ... | Work with the Métis Nation to fund the unique needs of Métis children. | Co-develop a distinctions-based Indigenous Long-term and Continuing Care Framework.",0.688 | 0.626 | 0.621 | 0.617 | 0.588 | 0.575 | 0.555 | 0.554 | 0.552,3,6,0
20211213_44_News_72fd2d45e2,"Government of Canada and Bank of Canada renewed the monetary policy framework to maintain low, stable inflation, supporting economic well-being and a strong labour market.",News Release (Canada.ca),2021-12-13 15:12:53+00:00,3,LPC_20211216_MANDL_c9a666ba | LPC_20211216_MANDL_c5939465 | LPC_20211216_MANDL_e63661eb,"Introduce a Career Extension Tax Credit of up to $1,650 a year for seniors who want to stay in the w... | Increase the Canada Pension Plan and Quebec Pension Plan survivor’s benefit by 25 per cent. | Establish a minimum 15 per cent tax rule for top-bracket earners.",0,,,,0,0,3
20211213_44_News_dab32df0d2,"Minister of National Defence issues apology regarding DND/CAF sexual misconduct, including land acknowledgment for Indigenous peoples.",News Release (Canada.ca),2021-12-13 19:43:50+00:00,3,LPC_20211216_MANDL_a203279a | LPC_20211216_MANDL_e928261b | LPC_20211216_MANDL_fc6c05ea,"Reduce barriers to accessing services for Indigenous Veterans, including improving outreach to Indig... | Fully implement the United Nations Declaration on the Rights of Indigenous Peoples Act and work with... | Work with the Métis Nation to fund the unique needs of Métis children.",1,LPC_20211216_MANDL_f94854ae,"Ensure all members of the Defence Team, including Department of National Defence employees, Veterans...",0.551,0,1,3
20211213_44_News_f512473aec,Department of National Defence and Canadian Armed Forces issue apology for sexual misconduct and harm experienced by Defence Team members.,News Release (Canada.ca),2021-12-13 19:48:20+00:00,3,LPC_20211216_MANDL_7ecbd696 | LPC_20211216_MANDL_f94854ae | LPC_20211216_MANDL_210d9afa,"Externalize the Independent Centre for Harassment Resolution. | Ensure all members of the Defence Team, including Department of National Defence employees, Veterans... | Co-design with survivors and fully fund a permanent peer-to-peer support program for those who have ...",6,LPC_20211216_MANDL_f94854ae | LPC_20211216_MANDL_80b29301 | LPC_20211216_MANDL_ab2fec09 | LPC_20211216_MANDL_7ecbd696 | LPC_20211216_MANDL_210d9afa | LPC_20211216_MANDL_136be904,"Ensure all members of the Defence Team, including Department of National Defence employees, Veterans... | Modernize the military justice system with a focus on implementing recommendations from the Third In... | Implement interim and final recommendations of the Independent External Comprehensive Review conduct... | Externalize the Independent Centre for Harassment Resolution. | Co-design with survivors and fully fund a permanent peer-to-peer support program for those who have ... | Modernize the military justice system by bringing into force the Declaration of Victims Rights to en...",0.730 | 0.648 | 0.622 | 0.575 | 0.559 | 0.557,3,3,0
20211214_44_News_8b3ca13676,"Chief Public Health Officer issues statement on COVID-19 vaccination for pregnant, recently pregnant, and breastfeeding individuals.",News Release (Canada.ca),2021-12-14 15:58:21+00:00,3,LPC_20211216_MANDL_65dfd182 | LPC_20211216_MANDL_907cd355 | LPC_20211216_MANDL_5df2b2d1,"Ensure vaccination across the Public Service. | Continue to procure COVID-19 therapeutics, tests and vaccines to ensure all Canadians have access to... | Require that travellers on interprovincial trains, commercial flights, cruise ships and other federa...",10,LPC_20211216_MANDL_65dfd182 | LPC_20211216_MANDL_6b5efd52 | LPC_20211216_MANDL_27264693 | LPC_20211216_MANDL_ec3f2f6c | LPC_20211216_MANDL_dd972e07 | LPC_20211216_MANDL_0de02309 | LPC_20211216_MANDL_d6478e87 | LPC_20211216_MANDL_907cd355 | LPC_20211216_MANDL_7447a219 | LPC_20211216_MANDL_37674758,"Ensure vaccination across the Public Service. | Continue the roll-out of COVID-19 vaccines. | Work with federally regulated workplaces to ensure that COVID-19 vaccination is enforced. | Ensure vaccination is enforced for workers at Crown corporations and separate agencies. | Ensure the Public Health Agency of Canada has the resources and support necessary to continue protec... | Reinforce international efforts to ensure that people around the world have access to health interve... | Ensure sufficient domestic supply of COVID-19 vaccines and therapeutics, evaluate Canada's border po... | Continue to procure COVID-19 therapeutics, tests and vaccines to ensure all Canadians have access to... | Strengthen surveillance and capacity to detect and act on public health threats. | Contribute to Canada’s response to COVID-19, including by responding to Requests for Federal Assista...",0.704 | 0.646 | 0.640 | 0.630 | 0.602 | 0.601 | 0.582 | 0.571 | 0.563 | 0.553,2,8,1
20211216_44_News_ea0925c941,"Canada and international partners met to discuss reparations, accountability, and justice for the downing of Flight PS752 with Iran, exploring next steps.",News Release (Canada.ca),2021-12-16 15:15:49+00:00,3,LPC_20211216_MANDL_89db7990 | LPC_20211216_MANDL_138b9407 | LPC_20211216_MANDL_a2d9e78f,Advance Canada's ongoing response to the tragic downing of flight PS752. | Work with international partners to hold Iran accountable and to provide support to the families and... | Support Afghan citizens through humanitarian assistance.,3,LPC_20211216_MANDL_138b9407 | LPC_20211216_MANDL_89db7990 | LPC_20211216_MANDL_de246644,Work with international partners to hold Iran accountable and to provide support to the families and... | Advance Canada's ongoing response to the tragic downing of flight PS752. | Advance the Safer Skies Initiative.,0.831 | 0.826 | 0.618,2,1,1
20211216_44_News_eca36f2dfd,President of the Treasury Board issues a statement regarding the evolving public health situation and the COVID-19 Omicron variant.,News Release (Canada.ca),2021-12-16 23:23:38+00:00,3,LPC_20211216_MANDL_65dfd182 | LPC_20211216_MANDL_679b3676 | LPC_20211216_MANDL_c91b02ca,Ensure vaccination across the Public Service. | Reinforce compliance under the Canada Health Act. | Establish a mental health fund for Black public servants.,0,,,,0,0,3
20211217_44_News_069dc359ce,"Deputy Prime Minister and Minister of Finance addresses the Economic and Fiscal Update 2021, discussing pandemic impact and the Omicron variant.",News Release (Canada.ca),2021-12-17 22:45:39+00:00,3,LPC_20211216_MANDL_232989c2 | LPC_20211216_MANDL_584bdb27 | LPC_20211216_MANDL_e4f2e0be,"Refine and strengthen the quality of life framework to ensure long-term outcomes that benefit people... | Ensure the overall fiscal health of the government, including by working to implement the fiscal pla... | Accelerate the adoption of advanced technologies, including right touch travel, to rebuild public co...",5,LPC_20211216_MANDL_584bdb27 | LPC_20211216_MANDL_2d903f82 | LPC_20211216_MANDL_290bc436 | LPC_20211216_MANDL_9a694121 | LPC_20211216_MANDL_1ca45b6a,"Ensure the overall fiscal health of the government, including by working to implement the fiscal pla... | Enhance the management of strategic stockpiles to bolster national resilience and readiness for futu... | Invest in supporting initiatives that will help to speed access to care for critical services. | Ensure science and evidence are integrated into Canada's pandemic response. | Provide regular updates to the PM and Cabinet on Canada’s preparedness and response across all hazar...",0.663 | 0.580 | 0.566 | 0.565 | 0.557,1,4,2
20211217_44_News_826c9508a9,"OSFI maintains minimum qualifying rate for uninsured mortgages, as announced by Deputy Prime Minister and Minister of Finance.",News Release (Canada.ca),2021-12-17 15:01:38+00:00,3,LPC_20211216_MANDL_7dcbfb83 | LPC_20211216_MANDL_30473f5e | LPC_20211216_MANDL_60d42252,"Review down payment requirements for investment properties. | Require federally regulated financial institutions to offer flexible repayment options to individual... | Develop a loan program as an option to the current shared-equity mortgage, repayable only at the tim...",0,,,,0,0,3
20211217_44_News_c8585164a7,"Government released economic and fiscal update, investing over $7.3 billion in COVID-19 vaccines for all eligible Canadians, including pediatric and booster shots.",News Release (Canada.ca),2021-12-17 21:56:21+00:00,3,LPC_20211216_MANDL_584bdb27 | LPC_20211216_MANDL_116b8e1c | LPC_20211216_MANDL_cb12ae04,"Ensure the overall fiscal health of the government, including by working to implement the fiscal pla... | Introduce a tax credit for small businesses to invest in better ventilation. | Support business recovery and workers, including by implementing legislation that extends the Canada...",8,LPC_20211216_MANDL_6b5efd52 | LPC_20211216_MANDL_d6478e87 | LPC_20211216_MANDL_907cd355 | LPC_20211216_MANDL_2cbef2e8 | LPC_20211216_MANDL_0bdfac5b | LPC_20211216_MANDL_f9e81fca | LPC_20211216_MANDL_0e4ce636 | LPC_20211216_MANDL_0de02309,"Continue the roll-out of COVID-19 vaccines. | Ensure sufficient domestic supply of COVID-19 vaccines and therapeutics, evaluate Canada's border po... | Continue to procure COVID-19 therapeutics, tests and vaccines to ensure all Canadians have access to... | Launch a COVID-19 Proof of Vaccination Fund to support provinces and territories who implement a req... | Provide additional funding for enhanced testing and vaccine production capacity in developing countr... | Create a new fund to pursue moonshot research into high-impact illnesses where a vaccine may be poss... | Reinforce international efforts to ensure that people around the world have access to health interve... | Reinforce international efforts to ensure that people around the world have access to health interve...",0.666 | 0.637 | 0.613 | 0.604 | 0.593 | 0.580 | 0.574 | 0.570,0,8,3
20211217_44_News_fd41ec1ac1,Deputy Prime Minister and Minister of Finance delivers remarks on Canada's investments to combat the Omicron variant.,News Release (Canada.ca),2021-12-17 23:43:55+00:00,3,LPC_20211216_MANDL_584bdb27 | LPC_20211216_MANDL_1eb66833 | LPC_20211216_MANDL_116b8e1c,"Ensure the overall fiscal health of the government, including by working to implement the fiscal pla... | Top up the Safe Return to Class Fund for ventilation improvement projects across Canada. | Introduce a tax credit for small businesses to invest in better ventilation.",15,LPC_20211216_MANDL_37674758 | LPC_20211216_MANDL_907cd355 | LPC_20211216_MANDL_6b5efd52 | LPC_20211216_MANDL_159fdd5a | LPC_20211216_MANDL_d6478e87 | LPC_20211216_MANDL_dd972e07 | LPC_20211216_MANDL_e980f611 | LPC_20211216_MANDL_0de02309 | LPC_20211216_MANDL_88dacf8b | LPC_20211216_MANDL_0bdfac5b,"Contribute to Canada’s response to COVID-19, including by responding to Requests for Federal Assista... | Continue to procure COVID-19 therapeutics, tests and vaccines to ensure all Canadians have access to... | Continue the roll-out of COVID-19 vaccines. | Modernize how services and benefits are delivered to Canadians in times of crisis to bolster nationa... | Ensure sufficient domestic supply of COVID-19 vaccines and therapeutics, evaluate Canada's border po... | Ensure the Public Health Agency of Canada has the resources and support necessary to continue protec... | Ensure implementation of investments in mental health interventions and supports for people dispropo... | Reinforce international efforts to ensure that people around the world have access to health interve... | Strengthen the security of medical supply chains. | Provide additional funding for enhanced testing and vaccine production capacity in developing countr...",0.620 | 0.578 | 0.575 | 0.575 | 0.571 | 0.570 | 0.570 | 0.569 | 0.569 | 0.568,1,14,2
20211217_44_OIC_65160bf5b8,Regulations amending the Special Access Program for restricted drugs were enacted.,OrderInCouncil (PCO),2021-12-17 00:00:00+00:00,3,LPC_20211216_MANDL_8229c7bc | LPC_20211216_MANDL_b4d6afae | LPC_20211216_MANDL_6b5efd52,"Support provinces and territories to hire new family doctors, nurses and nurse practitioners. | Proceed with a national strategy on high-cost drugs for rare diseases. | Continue the roll-out of COVID-19 vaccines.",3,LPC_20211216_MANDL_b4d6afae | LPC_20211216_MANDL_8fdb0c2d | LPC_20211216_MANDL_8e284479,Proceed with a national strategy on high-cost drugs for rare diseases. | Engage with willing provinces and territories towards national universal pharmacare. | Implement the Accessible Canada Act and harmonize accessibility standards across Canada.,0.565 | 0.552 | 0.552,1,2,2
20211217_44_OIC_bb9c74ef62,Extends Comprehensive and Progressive Trans-Pacific Partnership Tariff benefits to eligible goods originating in Peru.,OrderInCouncil (PCO),2021-12-17 00:00:00+00:00,3,LPC_20211216_MANDL_d82f4039 | LPC_20211216_MANDL_e3d6e74c | LPC_20211216_MANDL_28a978d5,Carry out consultations to inform an approach to applying Border Carbon Adjustments to imports from ... | Review and consider reforms to the tax treatment of Real Estate Investment Trusts. | Introduce amendments to the Income Tax Act to expand the Medical Expense Tax Credit to include costs...,1,LPC_20211216_MANDL_f858932e,Implement new free trade agreements to ensure they benefit Canadian consumers and businesses.,0.557,0,1,3
20211217_44_OIC_d3c4bbd976,Continues the prohibition of oil and gas activities in Canadian Arctic offshore waters until a review of the 2016 designation is complete.,OrderInCouncil (PCO),2021-12-17 00:00:00+00:00,3,LPC_20211216_MANDL_0fdc9656 | LPC_20211216_MANDL_cb904006 | LPC_20211216_MANDL_99d7ea00,"Support territorial planning for hydroelectricity projects and other forms of renewable energy. | Invest in renewable, sustainable and affordable sources of energy. | Finalize a co-developed Inuit Nunangat Policy and accelerate its implementation.",3,LPC_20211216_MANDL_1aaf2428 | LPC_20211216_MANDL_1cf8e250 | LPC_20211216_MANDL_0fdc9656,"Defend Arctic sovereignty and implement the Arctic and Northern policy Framework, ensuring Indigenou... | Maintain regular participation in NATO aerial and maritime patrol operations. | Support territorial planning for hydroelectricity projects and other forms of renewable energy.",0.615 | 0.590 | 0.565,1,2,2
20211217_44_OIC_e038165178,OIC authorizes Minister of Crown-Indigenous Relations to sign settlement agreement and accept land surrender for Annapolis Valley First Nation specific claim.,OrderInCouncil (PCO),2021-12-17 00:00:00+00:00,3,LPC_20211216_MANDL_a58a6ede | LPC_20211216_MANDL_588c7acf | LPC_20211216_MANDL_45c8682b,Meet regularly with the Assembly of First Nations and rights holders to make progress on First Natio... | Move forward on Self Government Recognition and Implementation Agreements with the Manitoba Métis Fe... | Accelerate work to redesign federal policies on additions-to-reserves to provide just and timely res...,0,,,,0,0,3
20211217_44_OIC_ea6124844f,New Volatile Organic Compound Concentration Limits for Certain Products Regulations enacted under Canadian Environmental Protection Act.,OrderInCouncil (PCO),2021-12-17 00:00:00+00:00,3,LPC_20211216_MANDL_2f68903d | LPC_20211216_MANDL_30ced407 | LPC_20211216_MANDL_6f7ff539,Continue to implement the national ban on harmful single-use plastics. | Work with leading countries on the development of a new global agreement on plastics. | Enact a strengthened Canadian Environmental Protection Act to protect against toxic substances.,1,LPC_20211216_MANDL_6f7ff539,Enact a strengthened Canadian Environmental Protection Act to protect against toxic substances.,0.625,1,0,2
20211217_44_OIC_f739949315,"Regulations Amending the Canadian Aviation Regulations (Parts I, III and VI — RESA) are made under the Aeronautics Act.",OrderInCouncil (PCO),2021-12-17 00:00:00+00:00,3,LPC_20211216_MANDL_9a81f679 | LPC_20211216_MANDL_4c53bf65 | LPC_20211216_MANDL_b7577abb,"Pursue reforms to the International Civil Aviation Organization’s accident investigation regime. | Complete the Ports Modernization Review. | Work with provinces, territories, and willing municipalities on solutions to allow them a greater ro...",0,,,,0,0,3
20211220_44_News_17ff58944d,Council of Chief Medical Officers of Health issues update on COVID-19 vaccines and the risk of myocarditis and pericarditis.,News Release (Canada.ca),2021-12-20 14:29:28+00:00,3,LPC_20211216_MANDL_7447a219 | LPC_20211216_MANDL_907cd355 | LPC_20211216_MANDL_290bc436,"Strengthen surveillance and capacity to detect and act on public health threats. | Continue to procure COVID-19 therapeutics, tests and vaccines to ensure all Canadians have access to... | Invest in supporting initiatives that will help to speed access to care for critical services.",3,LPC_20211216_MANDL_65dfd182 | LPC_20211216_MANDL_ec3f2f6c | LPC_20211216_MANDL_27264693,Ensure vaccination across the Public Service. | Ensure vaccination is enforced for workers at Crown corporations and separate agencies. | Work with federally regulated workplaces to ensure that COVID-19 vaccination is enforced.,0.594 | 0.583 | 0.554,0,3,3
20211220_44_News_3a7ae281d4,Chief Public Health Officer delivers remarks on the COVID-19 pandemic.,News Release (Canada.ca),2021-12-20 19:38:20+00:00,3,LPC_20211216_MANDL_ec3f2f6c | LPC_20211216_MANDL_dd972e07 | LPC_20211216_MANDL_1b3c1d21,"Ensure vaccination is enforced for workers at Crown corporations and separate agencies. | Ensure the Public Health Agency of Canada has the resources and support necessary to continue protec... | Take increased and expedited action to monitor, prevent and mitigate the threat of antimicrobial res...",2,LPC_20211216_MANDL_dd972e07 | LPC_20211216_MANDL_65dfd182,Ensure the Public Health Agency of Canada has the resources and support necessary to continue protec... | Ensure vaccination across the Public Service.,0.590 | 0.583,1,1,2
20211220_44_News_44fa12ae54,Chief Public Health Officer delivers remarks on the COVID-19 situation.,News Release (Canada.ca),2021-12-20 14:01:31+00:00,3,LPC_20211216_MANDL_1add68c2 | LPC_20211216_MANDL_e2a9a126 | LPC_20211216_MANDL_6b5efd52,"Sustain improved access to virtual mental health services with Wellness Together Canada. | Ensure implementation of and adherence to public health measures, and support the availability of ra... | Continue the roll-out of COVID-19 vaccines.",2,LPC_20211216_MANDL_65dfd182 | LPC_20211216_MANDL_dd972e07,Ensure vaccination across the Public Service. | Ensure the Public Health Agency of Canada has the resources and support necessary to continue protec...,0.597 | 0.591,0,2,3
20211220_44_News_7691281e79,"Foreign ministers of Canada, Australia, New Zealand, UK, and US express grave concern over erosion of democratic elements in Hong Kong's electoral system and threats to its autonomy.",News Release (Canada.ca),2021-12-20 18:00:17+00:00,3,LPC_20211216_MANDL_b4963f2e | LPC_20211216_MANDL_2f5d8210 | LPC_20211216_MANDL_6e63413b,"Convene and coordinate the Ministers responsible for the Regional Development Agencies to promote a ... | Work with Canadian allies to protect democratic and human rights in Afghanistan, including for women... | Introduce a reciprocal procurement policy that will ensure goods and services are procured from coun...",1,LPC_20211216_MANDL_82957f65,"Work closely with democratic partners to promote open, transparent and inclusive governance.",0.579,0,1,3
20211220_44_News_7b0ee68b8c,Chief Public Health Officer Dr. Theresa Tam issued a statement on COVID-19.,News Release (Canada.ca),2021-12-20 14:29:58+00:00,3,LPC_20211216_MANDL_ec3f2f6c | LPC_20211216_MANDL_65dfd182 | LPC_20211216_MANDL_907cd355,"Ensure vaccination is enforced for workers at Crown corporations and separate agencies. | Ensure vaccination across the Public Service. | Continue to procure COVID-19 therapeutics, tests and vaccines to ensure all Canadians have access to...",5,LPC_20211216_MANDL_dd972e07 | LPC_20211216_MANDL_65dfd182 | LPC_20211216_MANDL_7447a219 | LPC_20211216_MANDL_37674758 | LPC_20211216_MANDL_6b5efd52,"Ensure the Public Health Agency of Canada has the resources and support necessary to continue protec... | Ensure vaccination across the Public Service. | Strengthen surveillance and capacity to detect and act on public health threats. | Contribute to Canada’s response to COVID-19, including by responding to Requests for Federal Assista... | Continue the roll-out of COVID-19 vaccines.",0.632 | 0.600 | 0.594 | 0.566 | 0.554,1,4,2
20211220_44_News_7f397fdede,Deputy Prime Minister and Minister of Finance announce renewal of Canada's monetary policy framework.,News Release (Canada.ca),2021-12-20 20:04:33+00:00,3,LPC_20211216_MANDL_a44ca1c4 | LPC_20211216_MANDL_584bdb27 | LPC_20211216_MANDL_99540958,"Accelerate Canada's G20 commitment to eliminate fossil fuel subsidies from 2025 to 2023. | Ensure the overall fiscal health of the government, including by working to implement the fiscal pla... | Advance the priority of Indigenous communities to reclaim full jurisdiction over tax matters.",2,LPC_20211216_MANDL_584bdb27 | LPC_20211216_MANDL_a5460c09,"Ensure the overall fiscal health of the government, including by working to implement the fiscal pla... | Establish a permanent Council of Economic Advisors to provide independent advice and policy options ...",0.584 | 0.559,1,1,2
20211220_44_News_9127739ca9,Chief Public Health Officer delivers remarks on the COVID-19 situation and public health measures.,News Release (Canada.ca),2021-12-20 14:12:08+00:00,3,LPC_20211216_MANDL_679b3676 | LPC_20211216_MANDL_1b3c1d21 | LPC_20211216_MANDL_ec3f2f6c,"Reinforce compliance under the Canada Health Act. | Take increased and expedited action to monitor, prevent and mitigate the threat of antimicrobial res... | Ensure vaccination is enforced for workers at Crown corporations and separate agencies.",22,LPC_20211216_MANDL_dd972e07 | LPC_20211216_MANDL_7447a219 | LPC_20211216_MANDL_65dfd182 | LPC_20211216_MANDL_37674758 | LPC_20211216_MANDL_6b5efd52 | LPC_20211216_MANDL_9a694121 | LPC_20211216_MANDL_0de02309 | LPC_20211216_MANDL_26b431ea | LPC_20211216_MANDL_27264693 | LPC_20211216_MANDL_89d2f175,"Ensure the Public Health Agency of Canada has the resources and support necessary to continue protec... | Strengthen surveillance and capacity to detect and act on public health threats. | Ensure vaccination across the Public Service. | Contribute to Canada’s response to COVID-19, including by responding to Requests for Federal Assista... | Continue the roll-out of COVID-19 vaccines. | Ensure science and evidence are integrated into Canada's pandemic response. | Reinforce international efforts to ensure that people around the world have access to health interve... | Ensure the Government of Canada continues to be prepared to proactively mitigate and respond to emer... | Work with federally regulated workplaces to ensure that COVID-19 vaccination is enforced. | Continue contributing to Canada’s response to COVID-19, including by protecting the health and safet...",0.701 | 0.690 | 0.680 | 0.675 | 0.658 | 0.618 | 0.613 | 0.601 | 0.600 | 0.598,1,21,2
20211220_44_News_91da84360f,"Chief Public Health Officer Dr. Theresa Tam issued a statement on COVID-19 on October 15, 2021.",News Release (Canada.ca),2021-12-20 14:26:49+00:00,3,LPC_20211216_MANDL_6b5efd52 | LPC_20211216_MANDL_7447a219 | LPC_20211216_MANDL_1ca45b6a,Continue the roll-out of COVID-19 vaccines. | Strengthen surveillance and capacity to detect and act on public health threats. | Provide regular updates to the PM and Cabinet on Canada’s preparedness and response across all hazar...,3,LPC_20211216_MANDL_dd972e07 | LPC_20211216_MANDL_65dfd182 | LPC_20211216_MANDL_7447a219,Ensure the Public Health Agency of Canada has the resources and support necessary to continue protec... | Ensure vaccination across the Public Service. | Strengthen surveillance and capacity to detect and act on public health threats.,0.611 | 0.584 | 0.574,1,2,2
20211220_44_News_abe7d43de8,Chief Public Health Officer delivers remarks addressing the ongoing COVID-19 pandemic.,News Release (Canada.ca),2021-12-20 14:46:58+00:00,3,LPC_20211216_MANDL_6b5efd52 | LPC_20211216_MANDL_65dfd182 | LPC_20211216_MANDL_e2a9a126,"Continue the roll-out of COVID-19 vaccines. | Ensure vaccination across the Public Service. | Ensure implementation of and adherence to public health measures, and support the availability of ra...",2,LPC_20211216_MANDL_dd972e07 | LPC_20211216_MANDL_65dfd182,Ensure the Public Health Agency of Canada has the resources and support necessary to continue protec... | Ensure vaccination across the Public Service.,0.575 | 0.572,1,1,2
20211220_44_News_d2c61bb945,Chief Public Health Officer Dr. Theresa Tam issued a statement regarding the ongoing COVID-19 pandemic.,News Release (Canada.ca),2021-12-20 19:38:28+00:00,3,LPC_20211216_MANDL_6b5efd52 | LPC_20211216_MANDL_65dfd182 | LPC_20211216_MANDL_f7d0dd7f,Continue the roll-out of COVID-19 vaccines. | Ensure vaccination across the Public Service. | Improve the operation of health surveillance systems to bolster national resilience and readiness fo...,4,LPC_20211216_MANDL_dd972e07 | LPC_20211216_MANDL_7447a219 | LPC_20211216_MANDL_65dfd182 | LPC_20211216_MANDL_37674758,"Ensure the Public Health Agency of Canada has the resources and support necessary to continue protec... | Strengthen surveillance and capacity to detect and act on public health threats. | Ensure vaccination across the Public Service. | Contribute to Canada’s response to COVID-19, including by responding to Requests for Federal Assista...",0.627 | 0.589 | 0.577 | 0.567,1,3,2
20211220_44_News_d5f51fa29e,"G7 foreign ministers, including Canada, express grave concern over the erosion of democratic elements in Hong Kong's Legislative Council elections.",News Release (Canada.ca),2021-12-20 15:54:14+00:00,3,LPC_20211216_MANDL_b4963f2e | LPC_20211216_MANDL_5393fdd9 | LPC_20211216_MANDL_6155ce99,Convene and coordinate the Ministers responsible for the Regional Development Agencies to promote a ... | Advance an action plan to coordinate collective international responses to specific incidents of arb... | Support and implement the Justice for Victims of Corrupt Foreign Officials Act and promote the adopt...,0,,,,0,0,3
20211220_44_OIC_298559ed59,"Governor General in Council appoints multiple Ambassadors, High Commissioners, and Consuls General to represent Canada internationally.",OrderInCouncil (PCO),2021-12-20 00:00:00+00:00,3,LPC_20211216_MANDL_37d47ca0 | LPC_20211216_MANDL_6e63413b | LPC_20211216_MANDL_946c1abe,Expand the coalition of states supporting Canada's initiative to condemn and eradicate arbitrary det... | Introduce a reciprocal procurement policy that will ensure goods and services are procured from coun... | Celebrate Canada’s unique francophone cultures through the promotion of the French language across C...,0,,,,0,0,3
20211220_44_OIC_7d3f42fca1,Minister of Health makes regulations amending Patented Medicines Regulations regarding additional factors and information reporting.,OrderInCouncil (PCO),2021-12-20 00:00:00+00:00,3,LPC_20211216_MANDL_8c7f793a | LPC_20211216_MANDL_3aa1dd37 | LPC_20211216_MANDL_bdb9d343,Introduce mandatory labelling of chemicals in consumer products. | Support youth-led and youth-focused organizations that respond to the unique sexual and reproductive... | Introduce legislation to end testing on animals.,0,,,,0,0,3
20211221_44_News_11395eec90,Chief Public Health Officer Dr. Theresa Tam issued a statement regarding COVID-19.,News Release (Canada.ca),2021-12-21 14:16:28+00:00,3,LPC_20211216_MANDL_6b5efd52 | LPC_20211216_MANDL_7447a219 | LPC_20211216_MANDL_907cd355,"Continue the roll-out of COVID-19 vaccines. | Strengthen surveillance and capacity to detect and act on public health threats. | Continue to procure COVID-19 therapeutics, tests and vaccines to ensure all Canadians have access to...",3,LPC_20211216_MANDL_dd972e07 | LPC_20211216_MANDL_65dfd182 | LPC_20211216_MANDL_7447a219,Ensure the Public Health Agency of Canada has the resources and support necessary to continue protec... | Ensure vaccination across the Public Service. | Strengthen surveillance and capacity to detect and act on public health threats.,0.608 | 0.573 | 0.560,1,2,2
20211221_44_News_26cda3444d,Chief Public Health Officer issued statement on COVID-19.,News Release (Canada.ca),2021-12-21 14:43:08+00:00,3,LPC_20211216_MANDL_dd972e07 | LPC_20211216_MANDL_6b5efd52 | LPC_20211216_MANDL_ec3f2f6c,Ensure the Public Health Agency of Canada has the resources and support necessary to continue protec... | Continue the roll-out of COVID-19 vaccines. | Ensure vaccination is enforced for workers at Crown corporations and separate agencies.,1,LPC_20211216_MANDL_dd972e07,Ensure the Public Health Agency of Canada has the resources and support necessary to continue protec...,0.679,1,0,2
20211221_44_News_443b30cc7c,Chief Public Health Officer issued a statement on COVID-19.,News Release (Canada.ca),2021-12-21 14:20:07+00:00,3,LPC_20211216_MANDL_6b5efd52 | LPC_20211216_MANDL_7447a219 | LPC_20211216_MANDL_65dfd182,Continue the roll-out of COVID-19 vaccines. | Strengthen surveillance and capacity to detect and act on public health threats. | Ensure vaccination across the Public Service.,9,LPC_20211216_MANDL_dd972e07 | LPC_20211216_MANDL_65dfd182 | LPC_20211216_MANDL_7447a219 | LPC_20211216_MANDL_37674758 | LPC_20211216_MANDL_6b5efd52 | LPC_20211216_MANDL_89d2f175 | LPC_20211216_MANDL_0de02309 | LPC_20211216_MANDL_ec3f2f6c | LPC_20211216_MANDL_9a694121,"Ensure the Public Health Agency of Canada has the resources and support necessary to continue protec... | Ensure vaccination across the Public Service. | Strengthen surveillance and capacity to detect and act on public health threats. | Contribute to Canada’s response to COVID-19, including by responding to Requests for Federal Assista... | Continue the roll-out of COVID-19 vaccines. | Continue contributing to Canada’s response to COVID-19, including by protecting the health and safet... | Reinforce international efforts to ensure that people around the world have access to health interve... | Ensure vaccination is enforced for workers at Crown corporations and separate agencies. | Ensure science and evidence are integrated into Canada's pandemic response.",0.653 | 0.624 | 0.619 | 0.602 | 0.580 | 0.579 | 0.557 | 0.557 | 0.554,3,6,0
20211221_44_News_479beb6a6b,Chief Public Health Officer delivers remarks on COVID-19 pandemic response.,News Release (Canada.ca),2021-12-21 15:41:57+00:00,3,LPC_20211216_MANDL_89d2f175 | LPC_20211216_MANDL_26b431ea | LPC_20211216_MANDL_1add68c2,"Continue contributing to Canada’s response to COVID-19, including by protecting the health and safet... | Ensure the Government of Canada continues to be prepared to proactively mitigate and respond to emer... | Sustain improved access to virtual mental health services with Wellness Together Canada.",10,LPC_20211216_MANDL_37674758 | LPC_20211216_MANDL_dd972e07 | LPC_20211216_MANDL_7447a219 | LPC_20211216_MANDL_65dfd182 | LPC_20211216_MANDL_9a694121 | LPC_20211216_MANDL_6b5efd52 | LPC_20211216_MANDL_0de02309 | LPC_20211216_MANDL_26b431ea | LPC_20211216_MANDL_89d2f175 | LPC_20211216_MANDL_159fdd5a,"Contribute to Canada’s response to COVID-19, including by responding to Requests for Federal Assista... | Ensure the Public Health Agency of Canada has the resources and support necessary to continue protec... | Strengthen surveillance and capacity to detect and act on public health threats. | Ensure vaccination across the Public Service. | Ensure science and evidence are integrated into Canada's pandemic response. | Continue the roll-out of COVID-19 vaccines. | Reinforce international efforts to ensure that people around the world have access to health interve... | Ensure the Government of Canada continues to be prepared to proactively mitigate and respond to emer... | Continue contributing to Canada’s response to COVID-19, including by protecting the health and safet... | Modernize how services and benefits are delivered to Canadians in times of crisis to bolster nationa...",0.650 | 0.643 | 0.635 | 0.617 | 0.585 | 0.584 | 0.573 | 0.572 | 0.567 | 0.556,2,8,1
20211221_44_News_4c270e9a8e,Health Canada receives submission from Pfizer-BioNTech for authorization of Comirnaty COVID-19 vaccine for children aged 5-11.,News Release (Canada.ca),2021-12-21 19:01:16+00:00,3,LPC_20211216_MANDL_b4d6afae | LPC_20211216_MANDL_8c7f793a | LPC_20211216_MANDL_dd972e07,Proceed with a national strategy on high-cost drugs for rare diseases. | Introduce mandatory labelling of chemicals in consumer products. | Ensure the Public Health Agency of Canada has the resources and support necessary to continue protec...,10,LPC_20211216_MANDL_907cd355 | LPC_20211216_MANDL_6b5efd52 | LPC_20211216_MANDL_0de02309 | LPC_20211216_MANDL_d6478e87 | LPC_20211216_MANDL_2cbef2e8 | LPC_20211216_MANDL_0e4ce636 | LPC_20211216_MANDL_0bdfac5b | LPC_20211216_MANDL_65dfd182 | LPC_20211216_MANDL_dd972e07 | LPC_20211216_MANDL_37674758,"Continue to procure COVID-19 therapeutics, tests and vaccines to ensure all Canadians have access to... | Continue the roll-out of COVID-19 vaccines. | Reinforce international efforts to ensure that people around the world have access to health interve... | Ensure sufficient domestic supply of COVID-19 vaccines and therapeutics, evaluate Canada's border po... | Launch a COVID-19 Proof of Vaccination Fund to support provinces and territories who implement a req... | Reinforce international efforts to ensure that people around the world have access to health interve... | Provide additional funding for enhanced testing and vaccine production capacity in developing countr... | Ensure vaccination across the Public Service. | Ensure the Public Health Agency of Canada has the resources and support necessary to continue protec... | Contribute to Canada’s response to COVID-19, including by responding to Requests for Federal Assista...",0.676 | 0.663 | 0.646 | 0.627 | 0.610 | 0.593 | 0.592 | 0.591 | 0.574 | 0.554,1,9,2
